Date,Time,Day (2019),Day (2020),Total hourly counts (2019),Toal hourly counts (2020)
1,0,Wednesday,Friday,3236,566
1,1,Wednesday,Friday,1822,401
1,2,Wednesday,Friday,1009,311
1,3,Wednesday,Friday,844,359
1,4,Wednesday,Friday,846,354
1,5,Wednesday,Friday,2580,1246
1,6,Wednesday,Friday,9487,2770
1,7,Wednesday,Friday,25009,3709
1,8,Wednesday,Friday,51965,5382
1,9,Wednesday,Friday,37236,4981
1,10,Wednesday,Friday,29344,5575
1,11,Wednesday,Friday,32660,6663
1,12,Wednesday,Friday,55422,8840
1,13,Wednesday,Friday,56361,9110
1,14,Wednesday,Friday,43208,9000
1,15,Wednesday,Friday,44591,9654
1,16,Wednesday,Friday,54737,9725
1,17,Wednesday,Friday,74760,9812
1,18,Wednesday,Friday,51387,6816
1,19,Wednesday,Friday,33313,4252
1,20,Wednesday,Friday,24957,2884
1,21,Wednesday,Friday,19237,2044
1,22,Wednesday,Friday,13884,1443
1,23,Wednesday,Friday,9614,886
2,0,Thursday,Saturday,3541,618
2,1,Thursday,Saturday,1838,538
2,2,Thursday,Saturday,1045,402
2,3,Thursday,Saturday,743,362
2,4,Thursday,Saturday,819,362
2,5,Thursday,Saturday,2460,638
2,6,Thursday,Saturday,8914,1342
2,7,Thursday,Saturday,25023,1756
2,8,Thursday,Saturday,52474,2933
2,9,Thursday,Saturday,36983,4718
2,10,Thursday,Saturday,27934,8356
2,11,Thursday,Saturday,32066,10212
2,12,Thursday,Saturday,51586,12083
2,13,Thursday,Saturday,55137,12465
2,14,Thursday,Saturday,42750,12851
2,15,Thursday,Saturday,43447,10728
2,16,Thursday,Saturday,52795,8067
2,17,Thursday,Saturday,71842,6822
2,18,Thursday,Saturday,49030,5067
2,19,Thursday,Saturday,31658,3217
2,20,Thursday,Saturday,24541,2552
2,21,Thursday,Saturday,19143,1848
2,22,Thursday,Saturday,14760,1205
2,23,Thursday,Saturday,10066,847
3,0,Friday,Sunday,4123,680
3,1,Friday,Sunday,2373,483
3,2,Friday,Sunday,1465,373
3,3,Friday,Sunday,1317,339
3,4,Friday,Sunday,1056,293
3,5,Friday,Sunday,2810,537
3,6,Friday,Sunday,9601,812
3,7,Friday,Sunday,25528,1296
3,8,Friday,Sunday,52352,2373
3,9,Friday,Sunday,38362,4109
3,10,Friday,Sunday,33050,6640
3,11,Friday,Sunday,37881,9066
3,12,Friday,Sunday,61138,11324
3,13,Friday,Sunday,62775,12784
3,14,Friday,Sunday,48379,13559
3,15,Friday,Sunday,48051,12218
3,16,Friday,Sunday,59240,9947
3,17,Friday,Sunday,76040,7785
3,18,Friday,Sunday,62312,5157
3,19,Friday,Sunday,48219,3610
3,20,Friday,Sunday,32946,2842
3,21,Friday,Sunday,24693,2103
3,22,Friday,Sunday,31656,1527
3,23,Friday,Sunday,18058,887
4,0,Saturday,Monday,10673,769
4,1,Saturday,Monday,6687,460
4,2,Saturday,Monday,4481,358
4,3,Saturday,Monday,3309,338
4,4,Saturday,Monday,2216,378
4,5,Saturday,Monday,2012,1168
4,6,Saturday,Monday,3739,2774
4,7,Saturday,Monday,5472,4295
4,8,Saturday,Monday,10349,6064
4,9,Saturday,Monday,17417,5347
4,10,Saturday,Monday,24704,5830
4,11,Saturday,Monday,32448,6917
4,12,Saturday,Monday,39420,10044
4,13,Saturday,Monday,41393,10937
4,14,Saturday,Monday,42418,10273
4,15,Saturday,Monday,42854,10782
4,16,Saturday,Monday,44354,11287
4,17,Saturday,Monday,44831,12104
4,18,Saturday,Monday,44851,7625
4,19,Saturday,Monday,35711,4361
4,20,Saturday,Monday,26294,3262
4,21,Saturday,Monday,25105,2245
4,22,Saturday,Monday,28792,1713
4,23,Saturday,Monday,16026,1042
5,0,Sunday,Tuesday,11150,660
5,1,Sunday,Tuesday,7743,420
5,2,Sunday,Tuesday,4124,351
5,3,Sunday,Tuesday,3676,407
5,4,Sunday,Tuesday,2551,437
5,5,Sunday,Tuesday,2036,1202
5,6,Sunday,Tuesday,2258,3007
5,7,Sunday,Tuesday,3995,4496
5,8,Sunday,Tuesday,8289,7228
5,9,Sunday,Tuesday,13903,6479
5,10,Sunday,Tuesday,24041,7659
5,11,Sunday,Tuesday,33254,9190
5,12,Sunday,Tuesday,46869,12574
5,13,Sunday,Tuesday,44604,13415
5,14,Sunday,Tuesday,46344,12261
5,15,Sunday,Tuesday,46388,12371
5,16,Sunday,Tuesday,42996,12958
5,17,Sunday,Tuesday,35501,13394
5,18,Sunday,Tuesday,36557,8741
5,19,Sunday,Tuesday,23376,5101
5,20,Sunday,Tuesday,17712,3565
5,21,Sunday,Tuesday,13122,2868
5,22,Sunday,Tuesday,9504,1772
5,23,Sunday,Tuesday,5271,1089
6,0,Monday,Wednesday,2817,715
6,1,Monday,Wednesday,1451,419
6,2,Monday,Wednesday,891,358
6,3,Monday,Wednesday,681,391
6,4,Monday,Wednesday,721,441
6,5,Monday,Wednesday,2514,1228
6,6,Monday,Wednesday,9450,2942
6,7,Monday,Wednesday,25459,4475
6,8,Monday,Wednesday,52384,6712
6,9,Monday,Wednesday,36934,6323
6,10,Monday,Wednesday,28073,6921
6,11,Monday,Wednesday,31252,7863
6,12,Monday,Wednesday,53070,10846
6,13,Monday,Wednesday,53558,11559
6,14,Monday,Wednesday,40658,10314
6,15,Monday,Wednesday,42104,10920
6,16,Monday,Wednesday,52348,11782
6,17,Monday,Wednesday,71936,12462
6,18,Monday,Wednesday,45277,8476
6,19,Monday,Wednesday,26122,5136
6,20,Monday,Wednesday,18980,3534
6,21,Monday,Wednesday,15583,2840
6,22,Monday,Wednesday,9829,1742
6,23,Monday,Wednesday,5128,1155
7,0,Tuesday,Thursday,2386,760
7,1,Tuesday,Thursday,1350,534
7,2,Tuesday,Thursday,688,334
7,3,Tuesday,Thursday,788,437
7,4,Tuesday,Thursday,635,482
7,5,Tuesday,Thursday,2816,1226
7,6,Tuesday,Thursday,10235,3031
7,7,Tuesday,Thursday,27441,4381
7,8,Tuesday,Thursday,54715,6912
7,9,Tuesday,Thursday,37998,6135
7,10,Tuesday,Thursday,30403,6761
7,11,Tuesday,Thursday,33573,8444
7,12,Tuesday,Thursday,57098,11095
7,13,Tuesday,Thursday,58507,11763
7,14,Tuesday,Thursday,43951,10885
7,15,Tuesday,Thursday,44431,11309
7,16,Tuesday,Thursday,54353,11669
7,17,Tuesday,Thursday,72668,12865
7,18,Tuesday,Thursday,47613,8978
7,19,Tuesday,Thursday,28506,5635
7,20,Tuesday,Thursday,20527,3805
7,21,Tuesday,Thursday,14996,2978
7,22,Tuesday,Thursday,9628,1872
7,23,Tuesday,Thursday,5013,1118
8,0,Wednesday,Friday,2313,841
8,1,Wednesday,Friday,1094,587
8,2,Wednesday,Friday,768,413
8,3,Wednesday,Friday,617,492
8,4,Wednesday,Friday,667,437
8,5,Wednesday,Friday,2372,1195
8,6,Wednesday,Friday,9527,3157
8,7,Wednesday,Friday,25377,4572
8,8,Wednesday,Friday,52283,7062
8,9,Wednesday,Friday,36851,7168
8,10,Wednesday,Friday,28984,8558
8,11,Wednesday,Friday,32208,10037
8,12,Wednesday,Friday,52265,13272
8,13,Wednesday,Friday,56007,13850
8,14,Wednesday,Friday,42127,12762
8,15,Wednesday,Friday,43814,13062
8,16,Wednesday,Friday,54965,13306
8,17,Wednesday,Friday,72898,13988
8,18,Wednesday,Friday,49218,9894
8,19,Wednesday,Friday,30268,6039
8,20,Wednesday,Friday,22150,4582
8,21,Wednesday,Friday,18280,3316
8,22,Wednesday,Friday,12557,1968
8,23,Wednesday,Friday,6517,1193
9,0,Thursday,Saturday,3119,829
9,1,Thursday,Saturday,1624,648
9,2,Thursday,Saturday,1072,479
9,3,Thursday,Saturday,799,385
9,4,Thursday,Saturday,782,369
9,5,Thursday,Saturday,2604,690
9,6,Thursday,Saturday,10281,1183
9,7,Thursday,Saturday,25424,1730
9,8,Thursday,Saturday,49509,2990
9,9,Thursday,Saturday,37768,3477
9,10,Thursday,Saturday,29178,5390
9,11,Thursday,Saturday,32524,8431
9,12,Thursday,Saturday,53899,10000
9,13,Thursday,Saturday,55078,11078
9,14,Thursday,Saturday,41309,10514
9,15,Thursday,Saturday,42537,10984
9,16,Thursday,Saturday,52336,10747
9,17,Thursday,Saturday,71048,8705
9,18,Thursday,Saturday,48343,6043
9,19,Thursday,Saturday,29987,4050
9,20,Thursday,Saturday,23063,3381
9,21,Thursday,Saturday,18942,2359
9,22,Thursday,Saturday,12831,1618
9,23,Thursday,Saturday,7218,1086
10,0,Friday,Sunday,3875,661
10,1,Friday,Sunday,1676,530
10,2,Friday,Sunday,1080,444
10,3,Friday,Sunday,987,380
10,4,Friday,Sunday,797,293
10,5,Friday,Sunday,2385,552
10,6,Friday,Sunday,8319,791
10,7,Friday,Sunday,22557,1251
10,8,Friday,Sunday,48405,2487
10,9,Friday,Sunday,36319,4513
10,10,Friday,Sunday,28648,7616
10,11,Friday,Sunday,32845,10489
10,12,Friday,Sunday,38558,13968
10,13,Friday,Sunday,42134,14322
10,14,Friday,Sunday,39579,14110
10,15,Friday,Sunday,41267,11904
10,16,Friday,Sunday,48735,10273
10,17,Friday,Sunday,64856,7724
10,18,Friday,Sunday,46604,4559
10,19,Friday,Sunday,33038,3252
10,20,Friday,Sunday,26011,2658
10,21,Friday,Sunday,22139,2301
10,22,Friday,Sunday,21951,1398
10,23,Friday,Sunday,13493,964
11,0,Saturday,Monday,8364,626
11,1,Saturday,Monday,5640,400
11,2,Saturday,Monday,3749,340
11,3,Saturday,Monday,2757,336
11,4,Saturday,Monday,1831,361
11,5,Saturday,Monday,1656,866
11,6,Saturday,Monday,2600,2139
11,7,Saturday,Monday,4983,4464
11,8,Saturday,Monday,9649,7065
11,9,Saturday,Monday,17048,6402
11,10,Saturday,Monday,24299,7325
11,11,Saturday,Monday,32706,8468
11,12,Saturday,Monday,42018,10921
11,13,Saturday,Monday,45607,12304
11,14,Saturday,Monday,42825,11083
11,15,Saturday,Monday,42985,10891
11,16,Saturday,Monday,48318,11828
11,17,Saturday,Monday,47219,12317
11,18,Saturday,Monday,43156,8234
11,19,Saturday,Monday,37560,5101
11,20,Saturday,Monday,28300,3721
11,21,Saturday,Monday,25292,2576
11,22,Saturday,Monday,30964,1684
11,23,Saturday,Monday,16667,1029
12,0,Sunday,Tuesday,10884,645
12,1,Sunday,Tuesday,7130,463
12,2,Sunday,Tuesday,4983,335
12,3,Sunday,Tuesday,3678,295
12,4,Sunday,Tuesday,2368,475
12,5,Sunday,Tuesday,1998,1308
12,6,Sunday,Tuesday,2581,3387
12,7,Sunday,Tuesday,4356,5309
12,8,Sunday,Tuesday,9069,7543
12,9,Sunday,Tuesday,15458,7189
12,10,Sunday,Tuesday,23365,8208
12,11,Sunday,Tuesday,31464,8988
12,12,Sunday,Tuesday,39814,12314
12,13,Sunday,Tuesday,40121,12357
12,14,Sunday,Tuesday,40659,11864
12,15,Sunday,Tuesday,41209,11866
12,16,Sunday,Tuesday,40842,12298
12,17,Sunday,Tuesday,33429,13260
12,18,Sunday,Tuesday,27977,9017
12,19,Sunday,Tuesday,21974,5503
12,20,Sunday,Tuesday,17792,3917
12,21,Sunday,Tuesday,13139,2775
12,22,Sunday,Tuesday,9465,1729
12,23,Sunday,Tuesday,5287,1018
13,0,Monday,Wednesday,2533,680
13,1,Monday,Wednesday,1520,504
13,2,Monday,Wednesday,1118,485
13,3,Monday,Wednesday,797,271
13,4,Monday,Wednesday,820,366
13,5,Monday,Wednesday,2264,1248
13,6,Monday,Wednesday,7728,3074
13,7,Monday,Wednesday,24501,4505
13,8,Monday,Wednesday,52704,6641
13,9,Monday,Wednesday,34276,5918
13,10,Monday,Wednesday,26509,6085
13,11,Monday,Wednesday,29876,8072
13,12,Monday,Wednesday,50730,11978
13,13,Monday,Wednesday,52310,12958
13,14,Monday,Wednesday,39416,12452
13,15,Monday,Wednesday,40052,12748
13,16,Monday,Wednesday,51147,13246
13,17,Monday,Wednesday,69257,14183
13,18,Monday,Wednesday,44092,9616
13,19,Monday,Wednesday,25884,5946
13,20,Monday,Wednesday,19597,4020
13,21,Monday,Wednesday,16334,2864
13,22,Monday,Wednesday,9535,2059
13,23,Monday,Wednesday,5067,1178
14,0,Tuesday,Thursday,2342,755
14,1,Tuesday,Thursday,1302,589
14,2,Tuesday,Thursday,786,356
14,3,Tuesday,Thursday,706,393
14,4,Tuesday,Thursday,674,376
14,5,Tuesday,Thursday,2758,1383
14,6,Tuesday,Thursday,9535,3353
14,7,Tuesday,Thursday,24913,4894
14,8,Tuesday,Thursday,53684,7247
14,9,Tuesday,Thursday,37825,6915
14,10,Tuesday,Thursday,28916,7847
14,11,Tuesday,Thursday,33634,9406
14,12,Tuesday,Thursday,55917,13213
14,13,Tuesday,Thursday,56731,14372
14,14,Tuesday,Thursday,41816,13334
14,15,Tuesday,Thursday,42525,13628
14,16,Tuesday,Thursday,53064,14305
14,17,Tuesday,Thursday,72017,14283
14,18,Tuesday,Thursday,46502,9614
14,19,Tuesday,Thursday,28632,5918
14,20,Tuesday,Thursday,21736,4460
14,21,Tuesday,Thursday,16475,3208
14,22,Tuesday,Thursday,12022,2146
14,23,Tuesday,Thursday,6470,1347
15,0,Wednesday,Friday,2758,843
15,1,Wednesday,Friday,1452,573
15,2,Wednesday,Friday,809,402
15,3,Wednesday,Friday,721,385
15,4,Wednesday,Friday,815,410
15,5,Wednesday,Friday,2671,1205
15,6,Wednesday,Friday,9784,3188
15,7,Wednesday,Friday,25591,4659
15,8,Wednesday,Friday,50879,7239
15,9,Wednesday,Friday,36302,7097
15,10,Wednesday,Friday,28160,8767
15,11,Wednesday,Friday,32938,10709
15,12,Wednesday,Friday,52771,14084
15,13,Wednesday,Friday,53625,15427
15,14,Wednesday,Friday,41709,14936
15,15,Wednesday,Friday,43118,15414
15,16,Wednesday,Friday,54681,15293
15,17,Wednesday,Friday,72979,14999
15,18,Wednesday,Friday,48859,10297
15,19,Wednesday,Friday,30133,6640
15,20,Wednesday,Friday,22851,5003
15,21,Wednesday,Friday,17838,3664
15,22,Wednesday,Friday,13185,2568
15,23,Wednesday,Friday,7409,1548
16,0,Thursday,Saturday,3227,1063
16,1,Thursday,Saturday,1615,687
16,2,Thursday,Saturday,1046,561
16,3,Thursday,Saturday,805,423
16,4,Thursday,Saturday,833,447
16,5,Thursday,Saturday,2680,707
16,6,Thursday,Saturday,9786,1541
16,7,Thursday,Saturday,25451,2048
16,8,Thursday,Saturday,51844,3677
16,9,Thursday,Saturday,35979,6791
16,10,Thursday,Saturday,29751,11029
16,11,Thursday,Saturday,33189,15646
16,12,Thursday,Saturday,56580,17587
16,13,Thursday,Saturday,58870,19112
16,14,Thursday,Saturday,44250,20586
16,15,Thursday,Saturday,45012,19059
16,16,Thursday,Saturday,54515,16687
16,17,Thursday,Saturday,72652,12928
16,18,Thursday,Saturday,50112,8453
16,19,Thursday,Saturday,32278,5646
16,20,Thursday,Saturday,23815,3984
16,21,Thursday,Saturday,20479,3131
16,22,Thursday,Saturday,14384,2243
16,23,Thursday,Saturday,7904,1502
17,0,Friday,Sunday,3624,929
17,1,Friday,Sunday,2183,759
17,2,Friday,Sunday,1560,509
17,3,Friday,Sunday,1157,442
17,4,Friday,Sunday,904,396
17,5,Friday,Sunday,2750,618
17,6,Friday,Sunday,9591,944
17,7,Friday,Sunday,23587,1367
17,8,Friday,Sunday,49378,2648
17,9,Friday,Sunday,39635,4712
17,10,Friday,Sunday,31512,7977
17,11,Friday,Sunday,36984,11710
17,12,Friday,Sunday,60483,15918
17,13,Friday,Sunday,63867,18092
17,14,Friday,Sunday,48332,19077
17,15,Friday,Sunday,49222,17434
17,16,Friday,Sunday,59800,14698
17,17,Friday,Sunday,74488,11313
17,18,Friday,Sunday,55524,7291
17,19,Friday,Sunday,41705,4541
17,20,Friday,Sunday,33534,3466
17,21,Friday,Sunday,29451,2746
17,22,Friday,Sunday,23542,1804
17,23,Friday,Sunday,17463,1060
18,0,Saturday,Monday,10555,735
18,1,Saturday,Monday,6558,536
18,2,Saturday,Monday,3965,314
18,3,Saturday,Monday,2970,387
18,4,Saturday,Monday,1830,403
18,5,Saturday,Monday,1794,1240
18,6,Saturday,Monday,2955,3120
18,7,Saturday,Monday,5789,4816
18,8,Saturday,Monday,10924,7251
18,9,Saturday,Monday,17916,6636
18,10,Saturday,Monday,26369,8146
18,11,Saturday,Monday,36783,9788
18,12,Saturday,Monday,44173,13373
18,13,Saturday,Monday,48404,14533
18,14,Saturday,Monday,46795,13499
18,15,Saturday,Monday,48880,13989
18,16,Saturday,Monday,51607,15119
18,17,Saturday,Monday,49943,15020
18,18,Saturday,Monday,47018,9415
18,19,Saturday,Monday,38223,6158
18,20,Saturday,Monday,29334,4202
18,21,Saturday,Monday,28052,2930
18,22,Saturday,Monday,29767,2126
18,23,Saturday,Monday,17703,1192
19,0,Sunday,Tuesday,11589,860
19,1,Sunday,Tuesday,7221,574
19,2,Sunday,Tuesday,4997,355
19,3,Sunday,Tuesday,3823,406
19,4,Sunday,Tuesday,2698,414
19,5,Sunday,Tuesday,2274,1299
19,6,Sunday,Tuesday,2485,3205
19,7,Sunday,Tuesday,4232,5152
19,8,Sunday,Tuesday,7537,7691
19,9,Sunday,Tuesday,14831,6965
19,10,Sunday,Tuesday,23714,8254
19,11,Sunday,Tuesday,31373,9497
19,12,Sunday,Tuesday,40107,13128
19,13,Sunday,Tuesday,44790,13482
19,14,Sunday,Tuesday,46747,12665
19,15,Sunday,Tuesday,42731,13246
19,16,Sunday,Tuesday,40406,13941
19,17,Sunday,Tuesday,36111,14028
19,18,Sunday,Tuesday,35947,9169
19,19,Sunday,Tuesday,25128,5765
19,20,Sunday,Tuesday,19415,4171
19,21,Sunday,Tuesday,14398,3203
19,22,Sunday,Tuesday,10670,2167
19,23,Sunday,Tuesday,5957,1317
20,0,Monday,Wednesday,2906,771
20,1,Monday,Wednesday,1571,470
20,2,Monday,Wednesday,1005,470
20,3,Monday,Wednesday,765,317
20,4,Monday,Wednesday,830,361
20,5,Monday,Wednesday,2535,1261
20,6,Monday,Wednesday,9029,3107
20,7,Monday,Wednesday,23522,4491
20,8,Monday,Wednesday,49433,6518
20,9,Monday,Wednesday,35059,6735
20,10,Monday,Wednesday,26749,7650
20,11,Monday,Wednesday,28198,9020
20,12,Monday,Wednesday,48900,13095
20,13,Monday,Wednesday,51447,14575
20,14,Monday,Wednesday,38218,13868
20,15,Monday,Wednesday,41074,14502
20,16,Monday,Wednesday,51603,15083
20,17,Monday,Wednesday,70560,15685
20,18,Monday,Wednesday,44768,9776
20,19,Monday,Wednesday,26674,5992
20,20,Monday,Wednesday,19553,4185
20,21,Monday,Wednesday,17084,2805
20,22,Monday,Wednesday,10540,1634
20,23,Monday,Wednesday,5810,989
21,0,Tuesday,Thursday,2583,606
21,1,Tuesday,Thursday,1400,378
21,2,Tuesday,Thursday,852,329
21,3,Tuesday,Thursday,768,384
21,4,Tuesday,Thursday,822,403
21,5,Tuesday,Thursday,2844,1127
21,6,Tuesday,Thursday,10189,2902
21,7,Tuesday,Thursday,26931,4025
21,8,Tuesday,Thursday,53207,6356
21,9,Tuesday,Thursday,37826,5658
21,10,Tuesday,Thursday,30202,6514
21,11,Tuesday,Thursday,33300,7985
21,12,Tuesday,Thursday,55808,11684
21,13,Tuesday,Thursday,55901,13121
21,14,Tuesday,Thursday,42801,12900
21,15,Tuesday,Thursday,42640,13090
21,16,Tuesday,Thursday,53123,13270
21,17,Tuesday,Thursday,72731,11516
21,18,Tuesday,Thursday,48299,7734
21,19,Tuesday,Thursday,28784,4668
21,20,Tuesday,Thursday,21607,3404
21,21,Tuesday,Thursday,17322,2399
21,22,Tuesday,Thursday,11700,1868
21,23,Tuesday,Thursday,5627,1162
22,0,Wednesday,Friday,2840,710
22,1,Wednesday,Friday,1603,454
22,2,Wednesday,Friday,1027,425
22,3,Wednesday,Friday,829,345
22,4,Wednesday,Friday,915,413
22,5,Wednesday,Friday,2774,1265
22,6,Wednesday,Friday,9870,3099
22,7,Wednesday,Friday,26523,4558
22,8,Wednesday,Friday,53510,7214
22,9,Wednesday,Friday,37743,7325
22,10,Wednesday,Friday,29780,9200
22,11,Wednesday,Friday,35277,11246
22,12,Wednesday,Friday,57148,14905
22,13,Wednesday,Friday,58091,15876
22,14,Wednesday,Friday,45252,15196
22,15,Wednesday,Friday,43299,15480
22,16,Wednesday,Friday,53942,16218
22,17,Wednesday,Friday,72715,15413
22,18,Wednesday,Friday,51245,11012
22,19,Wednesday,Friday,31524,7351
22,20,Wednesday,Friday,23433,5278
22,21,Wednesday,Friday,18895,3875
22,22,Wednesday,Friday,14221,2792
22,23,Wednesday,Friday,7019,1651
23,0,Thursday,Saturday,3030,1159
23,1,Thursday,Saturday,1939,744
23,2,Thursday,Saturday,967,590
23,3,Thursday,Saturday,738,481
23,4,Thursday,Saturday,832,473
23,5,Thursday,Saturday,2723,724
23,6,Thursday,Saturday,9848,1274
23,7,Thursday,Saturday,26535,1878
23,8,Thursday,Saturday,52807,3187
23,9,Thursday,Saturday,37302,5026
23,10,Thursday,Saturday,31376,8458
23,11,Thursday,Saturday,36251,11497
23,12,Thursday,Saturday,57846,14313
23,13,Thursday,Saturday,60524,15673
23,14,Thursday,Saturday,45822,16855
23,15,Thursday,Saturday,44878,13353
23,16,Thursday,Saturday,55705,12163
23,17,Thursday,Saturday,74376,9682
23,18,Thursday,Saturday,51842,6182
23,19,Thursday,Saturday,32148,4765
23,20,Thursday,Saturday,24656,3708
23,21,Thursday,Saturday,20283,3124
23,22,Thursday,Saturday,16164,1885
23,23,Thursday,Saturday,8115,1294
24,0,Friday,Sunday,3949,910
24,1,Friday,Sunday,2482,664
24,2,Friday,Sunday,1595,538
24,3,Friday,Sunday,1402,496
24,4,Friday,Sunday,973,443
24,5,Friday,Sunday,2666,616
24,6,Friday,Sunday,9482,1008
24,7,Friday,Sunday,23572,1322
24,8,Friday,Sunday,47090,2637
24,9,Friday,Sunday,33693,4511
24,10,Friday,Sunday,26387,8156
24,11,Friday,Sunday,32163,13376
24,12,Friday,Sunday,54439,16381
24,13,Friday,Sunday,62038,18224
24,14,Friday,Sunday,45942,18145
24,15,Friday,Sunday,46550,16841
24,16,Friday,Sunday,57616,14762
24,17,Friday,Sunday,73280,11953
24,18,Friday,Sunday,54702,7332
24,19,Friday,Sunday,39245,4959
24,20,Friday,Sunday,31274,3932
24,21,Friday,Sunday,28243,2870
24,22,Friday,Sunday,24700,2037
24,23,Friday,Sunday,15218,1221
25,0,Saturday,Monday,10221,839
25,1,Saturday,Monday,6587,609
25,2,Saturday,Monday,4394,405
25,3,Saturday,Monday,3205,417
25,4,Saturday,Monday,2034,442
25,5,Saturday,Monday,1987,971
25,6,Saturday,Monday,2846,2311
25,7,Saturday,Monday,5386,4759
25,8,Saturday,Monday,10604,7594
25,9,Saturday,Monday,17256,7132
25,10,Saturday,Monday,26206,8564
25,11,Saturday,Monday,34988,11510
25,12,Saturday,Monday,42532,15254
25,13,Saturday,Monday,51083,16996
25,14,Saturday,Monday,46136,15575
25,15,Saturday,Monday,46061,15987
25,16,Saturday,Monday,48476,15790
25,17,Saturday,Monday,46935,15566
25,18,Saturday,Monday,30912,10018
25,19,Saturday,Monday,24430,5910
25,20,Saturday,Monday,18743,4252
25,21,Saturday,Monday,20701,3173
25,22,Saturday,Monday,27852,1906
25,23,Saturday,Monday,15197,1268
26,0,Sunday,Tuesday,9805,745
26,1,Sunday,Tuesday,7185,481
26,2,Sunday,Tuesday,4612,384
26,3,Sunday,Tuesday,3476,338
26,4,Sunday,Tuesday,2574,468
26,5,Sunday,Tuesday,2317,1266
26,6,Sunday,Tuesday,2520,3198
26,7,Sunday,Tuesday,4207,5286
26,8,Sunday,Tuesday,8111,8233
26,9,Sunday,Tuesday,14354,7607
26,10,Sunday,Tuesday,24738,8740
26,11,Sunday,Tuesday,33798,10808
26,12,Sunday,Tuesday,41747,15455
26,13,Sunday,Tuesday,43446,17030
26,14,Sunday,Tuesday,46217,15832
26,15,Sunday,Tuesday,42715,16095
26,16,Sunday,Tuesday,37093,15975
26,17,Sunday,Tuesday,32691,16419
26,18,Sunday,Tuesday,30973,10590
26,19,Sunday,Tuesday,20105,6495
26,20,Sunday,Tuesday,15106,4482
26,21,Sunday,Tuesday,8009,3365
26,22,Sunday,Tuesday,6569,2225
26,23,Sunday,Tuesday,4197,1340
27,0,Monday,Wednesday,2160,765
27,1,Monday,Wednesday,1283,554
27,2,Monday,Wednesday,770,429
27,3,Monday,Wednesday,757,387
27,4,Monday,Wednesday,815,458
27,5,Monday,Wednesday,2108,1357
27,6,Monday,Wednesday,7380,3350
27,7,Monday,Wednesday,23533,5360
27,8,Monday,Wednesday,47304,8484
27,9,Monday,Wednesday,33873,8514
27,10,Monday,Wednesday,24346,9534
27,11,Monday,Wednesday,28238,11221
27,12,Monday,Wednesday,47548,14980
27,13,Monday,Wednesday,48677,15815
27,14,Monday,Wednesday,36996,14810
27,15,Monday,Wednesday,37122,14414
27,16,Monday,Wednesday,47998,15302
27,17,Monday,Wednesday,65628,15652
27,18,Monday,Wednesday,41669,10116
27,19,Monday,Wednesday,23834,6590
27,20,Monday,Wednesday,16668,4484
27,21,Monday,Wednesday,12941,3460
27,22,Monday,Wednesday,10411,2163
27,23,Monday,Wednesday,4628,1367
28,0,Tuesday,Thursday,2209,864
28,1,Tuesday,Thursday,1242,578
28,2,Tuesday,Thursday,915,419
28,3,Tuesday,Thursday,603,359
28,4,Tuesday,Thursday,824,413
28,5,Tuesday,Thursday,2668,1383
28,6,Tuesday,Thursday,9751,3542
28,7,Tuesday,Thursday,25478,5308
28,8,Tuesday,Thursday,52563,8586
28,9,Tuesday,Thursday,36153,8430
28,10,Tuesday,Thursday,27609,9755
28,11,Tuesday,Thursday,30466,11842
28,12,Tuesday,Thursday,49566,16497
28,13,Tuesday,Thursday,50844,16823
28,14,Tuesday,Thursday,39166,15173
28,15,Tuesday,Thursday,40453,14571
28,16,Tuesday,Thursday,50447,15152
28,17,Tuesday,Thursday,68494,16122
28,18,Tuesday,Thursday,46562,10567
28,19,Tuesday,Thursday,26531,6751
28,20,Tuesday,Thursday,19960,5018
28,21,Tuesday,Thursday,15239,3606
28,22,Tuesday,Thursday,11518,2368
28,23,Tuesday,Thursday,4876,1441
29,0,Wednesday,Friday,2498,945
29,1,Wednesday,Friday,1221,678
29,2,Wednesday,Friday,753,494
29,3,Wednesday,Friday,656,431
29,4,Wednesday,Friday,761,461
29,5,Wednesday,Friday,2482,1411
29,6,Wednesday,Friday,8892,3495
29,7,Wednesday,Friday,23875,5140
29,8,Wednesday,Friday,48080,8163
29,9,Wednesday,Friday,35023,8566
29,10,Wednesday,Friday,26298,10476
29,11,Wednesday,Friday,30403,12334
29,12,Wednesday,Friday,48629,17081
29,13,Wednesday,Friday,49366,18682
29,14,Wednesday,Friday,38780,16962
29,15,Wednesday,Friday,33929,17507
29,16,Wednesday,Friday,46313,17432
29,17,Wednesday,Friday,64427,17695
29,18,Wednesday,Friday,42087,12300
29,19,Wednesday,Friday,25282,7973
29,20,Wednesday,Friday,17474,5954
29,21,Wednesday,Friday,13891,4238
29,22,Wednesday,Friday,10079,3348
29,23,Wednesday,Friday,5272,1969
30,0,Thursday,Saturday,2148,1204
30,1,Thursday,Saturday,1211,875
30,2,Thursday,Saturday,864,787
30,3,Thursday,Saturday,586,559
30,4,Thursday,Saturday,814,583
30,5,Thursday,Saturday,2607,988
30,6,Thursday,Saturday,9031,1698
30,7,Thursday,Saturday,24275,2430
30,8,Thursday,Saturday,51382,4506
30,9,Thursday,Saturday,36859,7954
30,10,Thursday,Saturday,27059,12577
30,11,Thursday,Saturday,31645,16820
30,12,Thursday,Saturday,51391,20688
30,13,Thursday,Saturday,52051,22543
30,14,Thursday,Saturday,42050,23365
30,15,Thursday,Saturday,42492,21454
30,16,Thursday,Saturday,51613,18616
30,17,Thursday,Saturday,68347,14833
30,18,Thursday,Saturday,48710,9271
30,19,Thursday,Saturday,29402,6634
30,20,Thursday,Saturday,22937,4883
30,21,Thursday,Saturday,18400,3579
30,22,Thursday,Saturday,12439,2418
30,23,Thursday,Saturday,6534,1679
31,0,Friday,Sunday,3704,1294
31,1,Friday,Sunday,1945,937
31,2,Friday,Sunday,1272,748
31,3,Friday,Sunday,1160,549
31,4,Friday,Sunday,1025,401
31,5,Friday,Sunday,2703,648
31,6,Friday,Sunday,8474,1036
31,7,Friday,Sunday,22875,1522
31,8,Friday,Sunday,45763,2688
31,9,Friday,Sunday,34752,5153
31,10,Friday,Sunday,28293,9035
31,11,Friday,Sunday,32157,14828
31,12,Friday,Sunday,50589,18451
31,13,Friday,Sunday,54713,19650
31,14,Friday,Sunday,43923,19753
31,15,Friday,Sunday,45042,17831
31,16,Friday,Sunday,51898,15001
31,17,Friday,Sunday,67798,11749
31,18,Friday,Sunday,53826,7658
31,19,Friday,Sunday,44319,4737
31,20,Friday,Sunday,29184,4020
31,21,Friday,Sunday,28772,2964
31,22,Friday,Sunday,32826,2035
31,23,Friday,Sunday,17165,1264
